{"cameraMode":{"drawMode":0,"name":"Shaded","section":"Shading Mode"},"sceneLighting":true,"audioPlay":false,"sceneViewState":{"m_AlwaysRefresh":false,"showFog":true,"showSkybox":true,"showFlares":true,"showImageEffects":true,"showParticleSystems":true,"showVisualEffectGraphs":true,"m_FxEnabled":false},"in2DMode":false,"pivot":{"x":-25.293840408325197,"y":-0.48797571659088137,"z":-28.632305145263673},"rotation":{"x":-0.02740546315908432,"y":0.9674599766731262,"z":-0.11990546435117722,"w":-0.22112120687961579},"size":45.922698974609378,"orthographic":false}